[
{
  "model": "admin.logentry",
  "pk": 1,
  "fields": {
    "action_time": "2023-03-18T19:36:18.856Z",
    "user": 6,
    "content_type": 4,
    "object_id": "7",
    "object_repr": "test",
    "action_flag": 2,
    "change_message": "[{\"changed\": {\"fields\": [\"Staff status\", \"Superuser status\"]}}]"
  }
},
{
  "model": "admin.logentry",
  "pk": 2,
  "fields": {
    "action_time": "2023-03-18T19:36:27.148Z",
    "user": 6,
    "content_type": 8,
    "object_id": "7",
    "object_repr": "6c48df0b3ed8ee088becdec8bd41b8d6c3bdd479",
    "action_flag": 3,
    "change_message": ""
  }
},
{
  "model": "auth.user",
  "pk": 1,
  "fields": {
    "password": "pbkdf2_sha256$390000$8y3fxCffxv2cWL4JOxIXLd$tRD3sDeQ0xOVx4vL5hkQlU3nsuDIjArnEU3kVApjc48=",
    "last_login": null,
    "is_superuser": false,
    "username": "joshuarussell",
    "first_name": "Joshua",
    "last_name": "Russell",
    "email": "joshuarussell@russell.com",
    "is_staff": false,
    "is_active": true,
    "date_joined": "2023-03-18T19:33:37.379Z",
    "groups": [],
    "user_permissions": []
  }
},
{
  "model": "auth.user",
  "pk": 2,
  "fields": {
    "password": "pbkdf2_sha256$390000$qMMRtD5508wUIzjSfBtisg$3uNb1w4oTNEEiseybZk7Rb2MyEHsD2zc4DcQrdq9LK8=",
    "last_login": null,
    "is_superuser": false,
    "username": "chaseramsey",
    "first_name": "Chase",
    "last_name": "Ramsey",
    "email": "chaseramsey@ramsey.com",
    "is_staff": false,
    "is_active": true,
    "date_joined": "2023-03-18T19:33:37.617Z",
    "groups": [],
    "user_permissions": []
  }
},
{
  "model": "auth.user",
  "pk": 3,
  "fields": {
    "password": "pbkdf2_sha256$390000$kVK0HxfwBjsF2KhSAU0pCG$wgZpISwzvAdXX6xlpCzB7Juz+ZXziS6Q4JcBpM1NuYk=",
    "last_login": null,
    "is_superuser": false,
    "username": "williamberry",
    "first_name": "William",
    "last_name": "Berry",
    "email": "williamberry@berry.com",
    "is_staff": false,
    "is_active": true,
    "date_joined": "2023-03-18T19:33:37.875Z",
    "groups": [],
    "user_permissions": []
  }
},
{
  "model": "auth.user",
  "pk": 4,
  "fields": {
    "password": "pbkdf2_sha256$390000$P0ZdyFcRuoqjMIMYBoWkue$FbCxskUa2FxZh5Wsqk2IIg6/qZdkSuoTIqVMY3Ls/2A=",
    "last_login": null,
    "is_superuser": false,
    "username": "rogerellis",
    "first_name": "Roger",
    "last_name": "Ellis",
    "email": "rogerellis@ellis.com",
    "is_staff": false,
    "is_active": true,
    "date_joined": "2023-03-18T19:33:38.104Z",
    "groups": [],
    "user_permissions": []
  }
},
{
  "model": "auth.user",
  "pk": 5,
  "fields": {
    "password": "pbkdf2_sha256$390000$yLsluNCXYcvxbLOlMq1LQQ$vA/YAuTZ2s5WBIT6YMYFgog31pPsIn84jLY/k7csii0=",
    "last_login": null,
    "is_superuser": false,
    "username": "eileenmedina",
    "first_name": "Eileen",
    "last_name": "Medina",
    "email": "eileenmedina@medina.com",
    "is_staff": false,
    "is_active": true,
    "date_joined": "2023-03-18T19:33:38.353Z",
    "groups": [],
    "user_permissions": []
  }
},
{
  "model": "auth.user",
  "pk": 6,
  "fields": {
    "password": "pbkdf2_sha256$390000$t35eFR3UYnBXOKQNPTDArZ$bUy7REsFTEZp83qnNC4VENB4UIE9SubWkEG8KXAmYog=",
    "last_login": "2023-03-18T19:40:12.672Z",
    "is_superuser": true,
    "username": "admin",
    "first_name": "",
    "last_name": "",
    "email": "admin@admin.com",
    "is_staff": true,
    "is_active": true,
    "date_joined": "2023-03-18T19:34:46.931Z",
    "groups": [],
    "user_permissions": []
  }
},
{
  "model": "auth.user",
  "pk": 7,
  "fields": {
    "password": "pbkdf2_sha256$390000$mQ2cUlBeM59XPgFE3JWoNf$t/BhyiBFSDlOphuOLzJ9oxEVHdGMQDHKgGgsRUf8lkQ=",
    "last_login": "2023-03-18T19:43:17.436Z",
    "is_superuser": false,
    "username": "test",
    "first_name": "",
    "last_name": "",
    "email": "test@test.com",
    "is_staff": false,
    "is_active": true,
    "date_joined": "2023-03-18T19:35:47Z",
    "groups": [],
    "user_permissions": []
  }
},
{
  "model": "sessions.session",
  "pk": "35euh1e033llz8ai7ha7c8t9lwdi6055",
  "fields": {
    "session_data": ".eJxVjEEOwiAQRe_C2hBosUNduvcMZGYYpGogKe3KeHfbpAvdvvf-f6uA65LD2mQOU1QXNajTLyPkp5RdxAeWe9VcyzJPpPdEH7bpW43yuh7t30HGlrc1OUxg48ASO-xZ2LBnTA469DR6mxBGIDHnPhmHYD0ysZcIsDFvSH2-III5IQ:1pdcLS:FcS45WEWitzLtTsZOlRS_X7tTn5lGDj6umOu5PoRT0o",
    "expire_date": "2023-04-01T19:36:02.150Z"
  }
},
{
  "model": "sessions.session",
  "pk": "h8i08w8zslud5nqfaik1kyhw1r5rsh5y",
  "fields": {
    "session_data": ".eJxVjDsOwjAQBe_iGlnG2fhDSZ8zRLvrNQ4gW8qnQtwdIqWA9s3Me6kRt7WM2yLzOCV1UV6dfjdCfkjdQbpjvTXNra7zRHpX9EEXPbQkz-vh_h0UXMq3FudyMn0iA-fcSRAfAjBLj8ZCBkQCCxTJWgtCHg1jEsdCkTuEyOr9AQTqORY:1pdcST:FfHJnH0fmRIHdvjunMWLrQXLgTyU9ezJUyvbAmaK5y0",
    "expire_date": "2023-04-01T19:43:17.439Z"
  }
},
{
  "model": "authtoken.token",
  "pk": "39c1ab527b76673b806ba3acbc0f90d8db8db07c",
  "fields": {
    "user": 4,
    "created": "2023-03-18T19:33:38.351Z"
  }
},
{
  "model": "authtoken.token",
  "pk": "5919aeb1ab2514738788b27cb57ec311833c6711",
  "fields": {
    "user": 5,
    "created": "2023-03-18T19:33:38.603Z"
  }
},
{
  "model": "authtoken.token",
  "pk": "59d2df14a40094decaa63f1af55c0aec60ea3642",
  "fields": {
    "user": 7,
    "created": "2023-03-18T19:43:44.095Z"
  }
},
{
  "model": "authtoken.token",
  "pk": "a0567dda5bb7e5ad1a2330cfa8a00a045803c4b4",
  "fields": {
    "user": 1,
    "created": "2023-03-18T19:33:37.615Z"
  }
},
{
  "model": "authtoken.token",
  "pk": "c551412d98fb86a7cb1b50bce54115fb5ce13dfd",
  "fields": {
    "user": 2,
    "created": "2023-03-18T19:33:37.874Z"
  }
},
{
  "model": "authtoken.token",
  "pk": "c85ebba95ff5315058aee6cc5f91da80e879e212",
  "fields": {
    "user": 3,
    "created": "2023-03-18T19:33:38.102Z"
  }
},
{
  "model": "authtoken.token",
  "pk": "caee05188eb700f71409f4aacc16847d89668356",
  "fields": {
    "user": 6,
    "created": "2023-03-18T19:34:47.125Z"
  }
},
{
  "model": "blog.post",
  "pk": 1,
  "fields": {
    "title": "Husband safe.",
    "content": "Free ball discuss paper role performance nice too. Laugh same property interest she serious.\nEnd onto whom ten. Scientist field environment dinner.\nLeader rather six care bag expect eat. Suffer tonight industry ever health surface rise outside. Strong store recognize any.\nProject later process dark. Along heavy kitchen trial social.\nProvide president imagine upon hit. Yard yard later.",
    "created_on": "2023-03-18T19:38:04.963Z",
    "updated_on": "2023-03-18T19:38:04.963Z",
    "owner": 1
  }
},
{
  "model": "blog.post",
  "pk": 2,
  "fields": {
    "title": "Board wall.",
    "content": "Citizen party increase yeah exactly executive see interview. Traditional second per middle still whom key. Near development form seat smile name. Discussion list so artist morning.\nWell store two there chair fall. Cell hear send stop fast single by. Hot home smile player. Read recognize subject model nation write yard.\nLine bring discussion ago let record enough. Third open remain join trial before. Picture rich wonder national.",
    "created_on": "2023-03-18T19:38:04.963Z",
    "updated_on": "2023-03-18T19:38:04.963Z",
    "owner": 1
  }
},
{
  "model": "blog.post",
  "pk": 3,
  "fields": {
    "title": "Fill teacher.",
    "content": "Either control must then traditional account poor. Add member usually fly. Form return hold value just professor store.\nMy under pull event cause never plan. Discuss maintain while.\nNumber yard small law machine. Owner ask high medical open information.\nGas important large compare. Mean word forget time.\nGive myself start offer high enter example. Effort different argue close many walk. Myself sport strategy eye might.\nGirl any once despite. Top somebody her ago discover example.",
    "created_on": "2023-03-18T19:38:04.963Z",
    "updated_on": "2023-03-18T19:38:04.963Z",
    "owner": 4
  }
},
{
  "model": "blog.post",
  "pk": 4,
  "fields": {
    "title": "Those religious.",
    "content": "Religious although owner call when word item. Myself know push reality current girl. Here worry turn this. Camera else environment condition take see speech property.\nSenior artist four. Military available property room paper key official.\nMethod cultural building single owner late article. Question word lose certain situation close. Year break sister tree about set carry season.\nSimple recognize onto. Recently I doctor heart fast relationship. Evidence expert black ability.",
    "created_on": "2023-03-18T19:38:04.963Z",
    "updated_on": "2023-03-18T19:38:04.964Z",
    "owner": 5
  }
},
{
  "model": "blog.post",
  "pk": 5,
  "fields": {
    "title": "Full issue.",
    "content": "Beautiful capital who.\nFour son become rest gas hard page girl. Too sea human whom.\nContain mission opportunity meet fight name detail. Three born I deal stage. Worry same care enter within other.\nYourself price know gas some example. Apply personal difficult quite analysis job whatever. Street painting huge run again note.\nSurface size pay close chance through. Sometimes north fire son very. Watch memory third away.\nThree summer certain including common simple news.",
    "created_on": "2023-03-18T19:38:04.964Z",
    "updated_on": "2023-03-18T19:38:04.964Z",
    "owner": 3
  }
},
{
  "model": "blog.post",
  "pk": 6,
  "fields": {
    "title": "Dark authority.",
    "content": "Too us bag win people save. We view anything. Young nature break.\nDiscussion finally but month thought suggest. Message general service scientist result common item.\nGarden necessary east follow. Lawyer door whose hit from place only rate.\nStrategy upon operation professor middle fill. Phone read seek lose stage during meet or. Population pressure station painting western those author.",
    "created_on": "2023-03-18T19:38:04.964Z",
    "updated_on": "2023-03-18T19:38:04.964Z",
    "owner": 4
  }
},
{
  "model": "blog.post",
  "pk": 7,
  "fields": {
    "title": "Physical special.",
    "content": "Bill training time them bed. Total society cover note soon bar. Those worry less itself race.\nTable laugh plan its live.\nOf or hold several Republican. Public low science marriage.\nProject hospital family fly join today skill.\nTree reach son rule class fund buy reach.\nMouth herself edge such subject discussion. Owner test speech campaign.\nManagement less past baby. Society become voice after crime.\nDream doctor debate tax performance mission hotel. Away assume expert institution carry customer.",
    "created_on": "2023-03-18T19:38:04.964Z",
    "updated_on": "2023-03-18T19:38:04.964Z",
    "owner": 3
  }
},
{
  "model": "blog.post",
  "pk": 8,
  "fields": {
    "title": "Life right couple.",
    "content": "Sea college only weight may direction course. Stand population worry about early medical success.\nStudy go type street. Small animal involve. System staff whatever force so admit.\nSoldier action carry environment standard recently newspaper most. Sure necessary organization green image whether change technology.\nSmall sport hard administration company order. Attorney use answer character safe. Pick deep state dinner late case.",
    "created_on": "2023-03-18T19:38:04.964Z",
    "updated_on": "2023-03-18T19:38:04.964Z",
    "owner": 4
  }
},
{
  "model": "blog.post",
  "pk": 9,
  "fields": {
    "title": "Past camera.",
    "content": "Couple security us never stay report subject.\nHelp media suddenly either most system. Would simply today least.\nLaw all wind tree sign. Too just week send vote other at central. Purpose worker hot kind from.\nCertain strong meet environmental. Difference seven provide goal police his rich. Chair fly number measure find. He other within program official bit watch evening.\nDrive record piece attorney agency example. Whose politics entire agree expert late onto.",
    "created_on": "2023-03-18T19:38:04.964Z",
    "updated_on": "2023-03-18T19:38:04.964Z",
    "owner": 7
  }
},
{
  "model": "blog.post",
  "pk": 10,
  "fields": {
    "title": "Whole between.",
    "content": "Need if positive commercial might vote history. Surface different carry sea policy address.\nPass effort begin approach. Late could may avoid.\nProcess answer at. Too would question significant life. Middle now Congress put win give.\nUnit best common sell new. Knowledge feel finish current well whom art nothing. Town themselves drop. Conference anything season time program raise.\nActivity boy help responsibility. Note paper that pull owner own drive.",
    "created_on": "2023-03-18T19:38:04.964Z",
    "updated_on": "2023-03-18T19:38:04.964Z",
    "owner": 2
  }
},
{
  "model": "blog.post",
  "pk": 11,
  "fields": {
    "title": "Song state.",
    "content": "Also allow per push spend region determine believe. Test miss loss might international design.\nLarge dream situation another eye very. Good indeed form education than.\nLarge last significant against stand couple. Game couple region say admit brother recent. Body recognize American teach knowledge position painting.\nTreatment politics kitchen stock girl. Protect usually myself so let lot. Study make those table practice be specific.",
    "created_on": "2023-03-18T19:38:04.964Z",
    "updated_on": "2023-03-18T19:38:04.964Z",
    "owner": 5
  }
},
{
  "model": "blog.post",
  "pk": 12,
  "fields": {
    "title": "Family idea.",
    "content": "Continue sport low office tend woman control senior. Executive building probably some rise member lot instead. Popular boy bar accept common thank. Move admit bank view I north.\nPosition such record edge. Available most ahead control pull green. Debate interest guy low.\nAvoid vote same brother degree.\nRule affect by move tend service industry. Small staff campaign people main.\nExactly best garden team box follow.",
    "created_on": "2023-03-18T19:38:04.964Z",
    "updated_on": "2023-03-18T19:38:04.964Z",
    "owner": 5
  }
},
{
  "model": "blog.post",
  "pk": 13,
  "fields": {
    "title": "Manage chance.",
    "content": "Take heart nice by. Within career effect worker store body thus bad.\nEnough yard voice skin. Avoid admit way result. Other whose it yard economic another. Both measure field teach serious plan hundred.\nHealth check artist others some ball. Live hard view fly without executive specific.\nAdult our dark coach message drug very.\nDuring home know son. Thank put fall rock inside type pattern. Foot career beat not man matter stage.\nSociety health may theory control major per peace.",
    "created_on": "2023-03-18T19:38:04.964Z",
    "updated_on": "2023-03-18T19:38:04.964Z",
    "owner": 1
  }
},
{
  "model": "blog.post",
  "pk": 14,
  "fields": {
    "title": "So all skill form.",
    "content": "Line about position produce dog half nice.\nSuggest event wide of. Different write meeting make peace machine. Most send nor environment full war.\nI final able ability hair room consumer pretty. Participant customer painting arrive.\nDevelop where kitchen challenge news watch employee activity. Medical occur why season religious. Responsibility miss road skin really.\nFilm that need who. Process court street first market media they.",
    "created_on": "2023-03-18T19:38:04.964Z",
    "updated_on": "2023-03-18T19:38:04.964Z",
    "owner": 2
  }
},
{
  "model": "blog.post",
  "pk": 15,
  "fields": {
    "title": "Remember run.",
    "content": "Authority those old upon item sing. Another region economic month.\nCan let of at single ready while. Mrs fall course claim evening I former. Best deal ten stop.\nSuffer table product. Different research face forget prevent. Some former party move sign.\nThis unit knowledge herself fly politics. More including beat away our leader. Discover state space accept down phone.\nHeart design happy why.\nKnow page choose old tough. So return great.",
    "created_on": "2023-03-18T19:38:04.964Z",
    "updated_on": "2023-03-18T19:38:04.964Z",
    "owner": 7
  }
},
{
  "model": "blog.post",
  "pk": 16,
  "fields": {
    "title": "End society.",
    "content": "Visit those focus available. Join firm especially point start apply. Entire very act four picture.\nTravel computer foreign entire. Building pressure yet door available involve decade.\nAffect then small safe lead operation. Company later perhaps half.\nMoney receive time result middle rise practice. Here project skin. Today field side.\nWest effort recent yard sport protect herself. Rate treatment someone artist beautiful voice. Trip carry mention. Down determine key business smile administration.",
    "created_on": "2023-03-18T19:38:04.964Z",
    "updated_on": "2023-03-18T19:38:04.964Z",
    "owner": 2
  }
},
{
  "model": "blog.post",
  "pk": 17,
  "fields": {
    "title": "Street family.",
    "content": "Forget couple during. Pretty final expect feeling over network east. The girl while.\nInto treatment upon. Year each join require.\nItem entire respond want capital continue. Center war type section part.\nBreak bad clear teach. Movement show many case particular home. Five bag learn feeling.\nPurpose structure mouth. Policy after life avoid pull them.\nDespite determine group staff mouth. Treat service value thousand. Our speech owner break resource ground.",
    "created_on": "2023-03-18T19:38:04.964Z",
    "updated_on": "2023-03-18T19:38:04.964Z",
    "owner": 5
  }
},
{
  "model": "blog.post",
  "pk": 18,
  "fields": {
    "title": "What bag model.",
    "content": "During board despite prevent claim box movement. Goal her believe power response if law.\nGreen perform character heart campaign. Others dinner public listen no. Work home agency will surface. Key message choice his daughter.\nCar former politics fall example. Everything behavior research each.\nSound within person so. Although dream manage development according.\nGive increase red possible. College discuss produce.",
    "created_on": "2023-03-18T19:38:04.964Z",
    "updated_on": "2023-03-18T19:38:04.964Z",
    "owner": 1
  }
},
{
  "model": "blog.post",
  "pk": 19,
  "fields": {
    "title": "That election.",
    "content": "Contain any share focus others we able safe. Performance view debate green country she.\nProve same back.\nStop bank Congress door. Record lawyer turn future. Trouble nearly evidence cold friend picture.\nWrong character top record. Hundred war seat public themselves hold low. Trouble kid report threat buy scientist section.\nSense concern feel character. Second cause former there stuff art.\nPositive author fact. Walk window rock write feel. Hand test arm pass although involve.",
    "created_on": "2023-03-18T19:38:04.964Z",
    "updated_on": "2023-03-18T19:38:04.964Z",
    "owner": 7
  }
},
{
  "model": "blog.post",
  "pk": 20,
  "fields": {
    "title": "Television cold.",
    "content": "Me probably bring federal ready information. News answer record.\nBeat point before common parent develop long. Feeling thank clearly model few past.\nFree writer wish center election unit. Read something second success against plan firm usually.\nSuffer glass long possible since building attack. Report be cup after little. Discussion nice top agent nature.\nHospital create edge less meeting about. Seem down house her performance line executive window.",
    "created_on": "2023-03-18T19:38:04.964Z",
    "updated_on": "2023-03-18T19:38:04.964Z",
    "owner": 1
  }
},
{
  "model": "blog.post",
  "pk": 21,
  "fields": {
    "title": "Title Test Post Admin",
    "content": "Content Test Post Admin",
    "created_on": "2023-03-18T19:41:30.308Z",
    "updated_on": "2023-03-18T19:41:30.308Z",
    "owner": 6
  }
},
{
  "model": "blog.comment",
  "pk": 1,
  "fields": {
    "body": "Speak stop listen as.",
    "post": 18,
    "created_on": "2023-03-18T19:38:05.078Z",
    "updated_on": "2023-03-18T19:38:05.078Z",
    "owner": 7
  }
},
{
  "model": "blog.comment",
  "pk": 2,
  "fields": {
    "body": "Everybody race choice.",
    "post": 11,
    "created_on": "2023-03-18T19:38:05.078Z",
    "updated_on": "2023-03-18T19:38:05.078Z",
    "owner": 1
  }
},
{
  "model": "blog.comment",
  "pk": 3,
  "fields": {
    "body": "Effort scientist thus leg.",
    "post": 3,
    "created_on": "2023-03-18T19:38:05.078Z",
    "updated_on": "2023-03-18T19:38:05.078Z",
    "owner": 1
  }
},
{
  "model": "blog.comment",
  "pk": 4,
  "fields": {
    "body": "Step over movement mean. From they short third.",
    "post": 20,
    "created_on": "2023-03-18T19:38:05.078Z",
    "updated_on": "2023-03-18T19:38:05.078Z",
    "owner": 2
  }
},
{
  "model": "blog.comment",
  "pk": 5,
  "fields": {
    "body": "Remain newspaper fish where.",
    "post": 2,
    "created_on": "2023-03-18T19:38:05.079Z",
    "updated_on": "2023-03-18T19:38:05.079Z",
    "owner": 1
  }
},
{
  "model": "blog.comment",
  "pk": 6,
  "fields": {
    "body": "Serious red item great deal system teach.",
    "post": 14,
    "created_on": "2023-03-18T19:38:05.079Z",
    "updated_on": "2023-03-18T19:38:05.079Z",
    "owner": 7
  }
},
{
  "model": "blog.comment",
  "pk": 7,
  "fields": {
    "body": "Whom people behavior wish whole set anything.",
    "post": 12,
    "created_on": "2023-03-18T19:38:05.079Z",
    "updated_on": "2023-03-18T19:38:05.079Z",
    "owner": 3
  }
},
{
  "model": "blog.comment",
  "pk": 8,
  "fields": {
    "body": "Husband number nice building note.",
    "post": 19,
    "created_on": "2023-03-18T19:38:05.079Z",
    "updated_on": "2023-03-18T19:38:05.079Z",
    "owner": 2
  }
},
{
  "model": "blog.comment",
  "pk": 9,
  "fields": {
    "body": "Product stand late shake money.",
    "post": 8,
    "created_on": "2023-03-18T19:38:05.079Z",
    "updated_on": "2023-03-18T19:38:05.079Z",
    "owner": 1
  }
},
{
  "model": "blog.comment",
  "pk": 10,
  "fields": {
    "body": "Development whole high join color.",
    "post": 3,
    "created_on": "2023-03-18T19:38:05.079Z",
    "updated_on": "2023-03-18T19:38:05.079Z",
    "owner": 1
  }
},
{
  "model": "blog.comment",
  "pk": 11,
  "fields": {
    "body": "Wide test account investment. What send among.",
    "post": 2,
    "created_on": "2023-03-18T19:38:05.079Z",
    "updated_on": "2023-03-18T19:38:05.079Z",
    "owner": 2
  }
},
{
  "model": "blog.comment",
  "pk": 12,
  "fields": {
    "body": "Treatment family when wide score.",
    "post": 5,
    "created_on": "2023-03-18T19:38:05.079Z",
    "updated_on": "2023-03-18T19:38:05.079Z",
    "owner": 5
  }
},
{
  "model": "blog.comment",
  "pk": 13,
  "fields": {
    "body": "Large success idea. Arrive sell sell into.",
    "post": 8,
    "created_on": "2023-03-18T19:38:05.079Z",
    "updated_on": "2023-03-18T19:38:05.079Z",
    "owner": 7
  }
},
{
  "model": "blog.comment",
  "pk": 14,
  "fields": {
    "body": "Such pretty so design.",
    "post": 9,
    "created_on": "2023-03-18T19:38:05.079Z",
    "updated_on": "2023-03-18T19:38:05.079Z",
    "owner": 2
  }
},
{
  "model": "blog.comment",
  "pk": 15,
  "fields": {
    "body": "Law to military director the Congress.",
    "post": 17,
    "created_on": "2023-03-18T19:38:05.079Z",
    "updated_on": "2023-03-18T19:38:05.079Z",
    "owner": 5
  }
},
{
  "model": "blog.comment",
  "pk": 16,
  "fields": {
    "body": "Wife bank shake.",
    "post": 11,
    "created_on": "2023-03-18T19:38:05.079Z",
    "updated_on": "2023-03-18T19:38:05.079Z",
    "owner": 4
  }
},
{
  "model": "blog.comment",
  "pk": 17,
  "fields": {
    "body": "Total impact state rich.",
    "post": 3,
    "created_on": "2023-03-18T19:38:05.079Z",
    "updated_on": "2023-03-18T19:38:05.079Z",
    "owner": 4
  }
},
{
  "model": "blog.comment",
  "pk": 18,
  "fields": {
    "body": "Good help relationship international who win.",
    "post": 7,
    "created_on": "2023-03-18T19:38:05.079Z",
    "updated_on": "2023-03-18T19:38:05.079Z",
    "owner": 5
  }
},
{
  "model": "blog.comment",
  "pk": 19,
  "fields": {
    "body": "Realize seek around person south yeah.",
    "post": 2,
    "created_on": "2023-03-18T19:38:05.079Z",
    "updated_on": "2023-03-18T19:38:05.079Z",
    "owner": 7
  }
},
{
  "model": "blog.comment",
  "pk": 20,
  "fields": {
    "body": "Important political central information.",
    "post": 1,
    "created_on": "2023-03-18T19:38:05.079Z",
    "updated_on": "2023-03-18T19:38:05.079Z",
    "owner": 4
  }
},
{
  "model": "blog.comment",
  "pk": 21,
  "fields": {
    "body": "Amount factor amount become green itself.",
    "post": 12,
    "created_on": "2023-03-18T19:38:05.079Z",
    "updated_on": "2023-03-18T19:38:05.079Z",
    "owner": 1
  }
},
{
  "model": "blog.comment",
  "pk": 22,
  "fields": {
    "body": "Less budget second house support each sound.",
    "post": 9,
    "created_on": "2023-03-18T19:38:05.079Z",
    "updated_on": "2023-03-18T19:38:05.079Z",
    "owner": 4
  }
},
{
  "model": "blog.comment",
  "pk": 23,
  "fields": {
    "body": "Commercial reason only animal bank join.",
    "post": 3,
    "created_on": "2023-03-18T19:38:05.079Z",
    "updated_on": "2023-03-18T19:38:05.079Z",
    "owner": 4
  }
},
{
  "model": "blog.comment",
  "pk": 24,
  "fields": {
    "body": "Serve rock record according.",
    "post": 10,
    "created_on": "2023-03-18T19:38:05.079Z",
    "updated_on": "2023-03-18T19:38:05.079Z",
    "owner": 1
  }
},
{
  "model": "blog.comment",
  "pk": 25,
  "fields": {
    "body": "Door hotel happy foreign why. Drive a safe story.",
    "post": 8,
    "created_on": "2023-03-18T19:38:05.079Z",
    "updated_on": "2023-03-18T19:38:05.079Z",
    "owner": 2
  }
},
{
  "model": "blog.comment",
  "pk": 26,
  "fields": {
    "body": "True computer protect half rise.",
    "post": 13,
    "created_on": "2023-03-18T19:38:05.079Z",
    "updated_on": "2023-03-18T19:38:05.079Z",
    "owner": 3
  }
},
{
  "model": "blog.comment",
  "pk": 27,
  "fields": {
    "body": "Cost happen material mean approach personal.",
    "post": 18,
    "created_on": "2023-03-18T19:38:05.079Z",
    "updated_on": "2023-03-18T19:38:05.079Z",
    "owner": 3
  }
},
{
  "model": "blog.comment",
  "pk": 28,
  "fields": {
    "body": "Trip nation alone that staff. Article stock be.",
    "post": 17,
    "created_on": "2023-03-18T19:38:05.079Z",
    "updated_on": "2023-03-18T19:38:05.079Z",
    "owner": 3
  }
},
{
  "model": "blog.comment",
  "pk": 29,
  "fields": {
    "body": "Game across whether main wait tree.",
    "post": 2,
    "created_on": "2023-03-18T19:38:05.079Z",
    "updated_on": "2023-03-18T19:38:05.080Z",
    "owner": 5
  }
},
{
  "model": "blog.comment",
  "pk": 30,
  "fields": {
    "body": "Article effect show company middle race.",
    "post": 17,
    "created_on": "2023-03-18T19:38:05.080Z",
    "updated_on": "2023-03-18T19:38:05.080Z",
    "owner": 7
  }
},
{
  "model": "blog.comment",
  "pk": 31,
  "fields": {
    "body": "Seat top likely gas our.",
    "post": 13,
    "created_on": "2023-03-18T19:38:05.080Z",
    "updated_on": "2023-03-18T19:38:05.080Z",
    "owner": 2
  }
},
{
  "model": "blog.comment",
  "pk": 32,
  "fields": {
    "body": "You try recently hard during.",
    "post": 14,
    "created_on": "2023-03-18T19:38:05.080Z",
    "updated_on": "2023-03-18T19:38:05.080Z",
    "owner": 5
  }
},
{
  "model": "blog.comment",
  "pk": 33,
  "fields": {
    "body": "Memory training first reason.",
    "post": 1,
    "created_on": "2023-03-18T19:38:05.080Z",
    "updated_on": "2023-03-18T19:38:05.080Z",
    "owner": 7
  }
},
{
  "model": "blog.comment",
  "pk": 34,
  "fields": {
    "body": "Paper music method business PM cause bit.",
    "post": 2,
    "created_on": "2023-03-18T19:38:05.080Z",
    "updated_on": "2023-03-18T19:38:05.080Z",
    "owner": 2
  }
},
{
  "model": "blog.comment",
  "pk": 35,
  "fields": {
    "body": "New represent similar manage heavy effect.",
    "post": 3,
    "created_on": "2023-03-18T19:38:05.080Z",
    "updated_on": "2023-03-18T19:38:05.080Z",
    "owner": 2
  }
},
{
  "model": "blog.comment",
  "pk": 36,
  "fields": {
    "body": "Possible end night ten term front.",
    "post": 8,
    "created_on": "2023-03-18T19:38:05.080Z",
    "updated_on": "2023-03-18T19:38:05.080Z",
    "owner": 3
  }
},
{
  "model": "blog.comment",
  "pk": 37,
  "fields": {
    "body": "Game career choice toward morning kid.",
    "post": 9,
    "created_on": "2023-03-18T19:38:05.080Z",
    "updated_on": "2023-03-18T19:38:05.080Z",
    "owner": 7
  }
},
{
  "model": "blog.comment",
  "pk": 38,
  "fields": {
    "body": "Own rich space mouth nation through also.",
    "post": 19,
    "created_on": "2023-03-18T19:38:05.080Z",
    "updated_on": "2023-03-18T19:38:05.080Z",
    "owner": 7
  }
},
{
  "model": "blog.comment",
  "pk": 39,
  "fields": {
    "body": "Report weight many guy. On and computer will.",
    "post": 8,
    "created_on": "2023-03-18T19:38:05.080Z",
    "updated_on": "2023-03-18T19:38:05.080Z",
    "owner": 4
  }
},
{
  "model": "blog.comment",
  "pk": 40,
  "fields": {
    "body": "Expect reality quickly whose director.",
    "post": 3,
    "created_on": "2023-03-18T19:38:05.080Z",
    "updated_on": "2023-03-18T19:38:05.080Z",
    "owner": 1
  }
},
{
  "model": "blog.comment",
  "pk": 41,
  "fields": {
    "body": "Capital behavior sign sell my east college.",
    "post": 5,
    "created_on": "2023-03-18T19:38:05.080Z",
    "updated_on": "2023-03-18T19:38:05.080Z",
    "owner": 7
  }
},
{
  "model": "blog.comment",
  "pk": 42,
  "fields": {
    "body": "Watch hour husband change nature me unit.",
    "post": 20,
    "created_on": "2023-03-18T19:38:05.080Z",
    "updated_on": "2023-03-18T19:38:05.080Z",
    "owner": 4
  }
},
{
  "model": "blog.comment",
  "pk": 43,
  "fields": {
    "body": "Think new their instead whether.",
    "post": 10,
    "created_on": "2023-03-18T19:38:05.080Z",
    "updated_on": "2023-03-18T19:38:05.080Z",
    "owner": 2
  }
},
{
  "model": "blog.comment",
  "pk": 44,
  "fields": {
    "body": "Structure window early how watch type.",
    "post": 6,
    "created_on": "2023-03-18T19:38:05.080Z",
    "updated_on": "2023-03-18T19:38:05.080Z",
    "owner": 7
  }
},
{
  "model": "blog.comment",
  "pk": 45,
  "fields": {
    "body": "Onto believe measure forget deep.",
    "post": 9,
    "created_on": "2023-03-18T19:38:05.080Z",
    "updated_on": "2023-03-18T19:38:05.080Z",
    "owner": 3
  }
},
{
  "model": "blog.comment",
  "pk": 46,
  "fields": {
    "body": "Listen situation rather cup performance.",
    "post": 2,
    "created_on": "2023-03-18T19:38:05.080Z",
    "updated_on": "2023-03-18T19:38:05.080Z",
    "owner": 2
  }
},
{
  "model": "blog.comment",
  "pk": 47,
  "fields": {
    "body": "Candidate debate computer trouble.",
    "post": 16,
    "created_on": "2023-03-18T19:38:05.080Z",
    "updated_on": "2023-03-18T19:38:05.080Z",
    "owner": 3
  }
},
{
  "model": "blog.comment",
  "pk": 48,
  "fields": {
    "body": "There cell can everything ahead myself.",
    "post": 2,
    "created_on": "2023-03-18T19:38:05.080Z",
    "updated_on": "2023-03-18T19:38:05.080Z",
    "owner": 5
  }
},
{
  "model": "blog.comment",
  "pk": 49,
  "fields": {
    "body": "Court among she success.",
    "post": 4,
    "created_on": "2023-03-18T19:38:05.080Z",
    "updated_on": "2023-03-18T19:38:05.080Z",
    "owner": 2
  }
},
{
  "model": "blog.comment",
  "pk": 50,
  "fields": {
    "body": "Report toward study consider child left break.",
    "post": 10,
    "created_on": "2023-03-18T19:38:05.080Z",
    "updated_on": "2023-03-18T19:38:05.080Z",
    "owner": 5
  }
},
{
  "model": "blog.comment",
  "pk": 51,
  "fields": {
    "body": "Body Test Admin",
    "post": 21,
    "created_on": "2023-03-18T19:42:25.668Z",
    "updated_on": "2023-03-18T19:42:25.668Z",
    "owner": 6
  }
}
]
